Name,A0,A1,A2,A3,A4,A5,A6
Penelope Cooper,82,84,86,88,90,92,94
David Richardson,60,65,70,75,80,85,90
Riley Bailey,35,45,55,65,75,85,95
Victoria Cox,55,60,65,70,75,80,85
Joseph Rivera,45,50,55,60,65,70,75
Hannah Jenkins,35,45,55,65,75,85,95
Samuel Barnes,25,35,45,55,65,75,85
Aria Fisher,90,92,94,96,98,100,100
